order_item_id,order_id,product_id,quantity,unit_price,item_total,quality_flag
OI-0001210,ORD-000331,PRD-0045,6,347.66,2107.8,True
OI-0001142,ORD-000049,PRD-0018,6,481.81,2890.86,False
OI-0000423,ORD-000298,PRD-0049,6,199.67,1198.02,False
OI-0001118,ORD-000055,PRD-0058,3,331.5,994.5,False
OI-0000849,ORD-000052,PRD-0011,3,175.82,527.46,False
OI-0000782,ORD-000225,PRD-0014,4,85.64,342.56,False
OI-0000024,ORD-000348,PRD-0056,7,87.59,613.13,False
OI-0000406,ORD-000228,prod_0027,4,494.97,1979.88,False
OI-0000044,ORD-000276,PRD-0036,8,0.0,0.0,False
OI-0000582,ORD-000291,PRD-0036,5,0.0,0.0,False
OI-0001056,ORD-000081,PRD-0057,4,464.07,1856.28,False
OI-0000553,ORD-000361,prod_0027,3,494.97,1484.91,False
OI-0001071,ORD-000484,PRD-0021,3,53.87,161.61,False
OI-0000309,ORD-000026,PRD-0009,6,128.37,770.22,False
OI-0000383,ORD-000266,PRD-0029,8,30.92,247.36,False
OI-0001175,ORD-000294,PRD-0052,8,130.75,1046.0,False
OI-0000491,ORD-000384,PRD-0011,4,175.82,703.28,False
OI-0000079,ORD-000074,PRD-0024,3,130.89,392.67,False
OI-0000610,ORD-000178,PRD-0021,1,53.87,53.87,False
OI-0001137,ORD-000188,PRD-0024,2,130.89,261.78,False
OI-0000534,ORD-000075,PRD-0054,3,201.98,605.94,False
OI-0000410,ORD-000483,PRD-0046,4,62.18,248.72,False
OI-0000542,ORD-000480,PRD-0057,2,464.07,928.14,False
OI-0001098,ORD-000167,PRD-0058,8,331.5,2652.0,False
OI-0000627,ORD-000389,PRD-0031,2,,260.06,True
OI-0000997,ORD-000208,PRD-0001,3,208.93,626.79,False
OI-0000347,ORD-000267,PRD-0003,4,48.91,195.64,False
OI-0000995,ORD-000237,PRD-0055,5,63.6,318.0,True
OI-0000909,ORD-000293,PRD-0022,5,25.94,129.7,False
OI-0000885,ORD-000257,PRD-0017,5,43.0,215.0,False
OI-0001035,ORD-000310,PRD-0012,8,108.15,865.2,True
OI-0000425,ORD-000030,PRD-0048,7,308.22,2157.54,False
OI-0000574,ORD-000372,prod_0006,7,19.43,136.01,False
OI-0000533,ORD-000075,PRD-0056,4,87.59,350.36,False
OI-0000124,ORD-000297,PRD-0055,5,63.6,318.0,False
OI-0000169,ORD-000336,PRD-0034,4,76.39,305.56,False
OI-0000328,ORD-000032,PRD-0022,8,25.94,207.52,False
OI-0000345,ORD-000058,PRD-0050,4,10.99,43.96,False
OI-0000494,ORD-000194,PRD-0057,8,464.07,3712.56,False
OI-0001063,ORD-000431,PRD-0048,2,308.22,616.44,False
OI-0000616,ORD-000185,prod_0027,6,494.97,2969.82,False
OI-0000721,ORD-000410,PRD-0004,2,37.34,74.68,False
OI-0000209,ORD-000413,PRD-0011,2,175.82,351.64,False
OI-0000372,ORD-000355,PRD-0042,4,88.76,355.04,False
OI-0000535,ORD-000315,PRD-0040,5,101.99,509.95,False
OI-0000064,ORD-000452,PRD-0009,3,128.37,385.11,False
OI-0001069,ORD-000092,PRD-0008,4,57.98,231.92,False
OI-0000589,ORD-000112,PRD-0025,4,165.58,662.32,False
OI-0000933,ORD-000379,PRD-0015,3,152.55,457.65,False
OI-0000562,ORD-000381,PRD-0014,6,85.64,513.84,False
OI-0000926,ORD-000398,PRD-0025,7,165.58,1206.69,True
OI-0000102,ORD-000226,PRD-0032,6,294.41,1766.46,False
OI-0000529,ORD-000200,PRD-0058,1,331.5,331.5,False
OI-0000953,ORD-000487,PRD-0021,1,53.87,53.87,False
OI-0001162,ORD-000460,PRD-0023,3,122.0,366.0,False
OI-0001226,ORD-000189,PRD-0054,2,201.98,403.96,False
OI-0000175,ORD-000281,PRD-0012,6,108.15,648.9,False
OI-0000991,ORD-000482,PRD-0047,5,-31.78,-158.9,False
OI-0000052,ORD-000010,PRD-0042,2,88.76,177.52,False
OI-0000234,ORD-000177,PRD-0008,8,57.98,463.84,False
OI-0000711,ORD-000429,PRD-0047,1,-31.78,-31.78,False
OI-0000436,ORD-000008,PRD-0009,5,128.37,641.85,False
OI-0000621,ORD-000288,PRD-0055,3,63.6,229.59,True
OI-0000219,ORD-000494,PRD-0013,4,228.07,912.28,False
OI-0000632,ORD-000082,PRD-0050,0,10.99,65.94,True
OI-0000368,order000497,PRD-0040,6,101.99,611.94,False
OI-0000082,ORD-000211,PRD-0049,0,199.67,399.34,True
OI-0000077,ORD-000365,PRD-0032,4,294.41,1177.64,False
OI-0000662,ORD-000144,PRD-0020,7,262.39,1836.73,False
OI-0001093,ORD-000388,PRD-0042,4,88.76,355.04,True
OI-0000544,ORD-000287,PRD-0034,1,76.39,76.39,False
OI-0000290,ORD-000406,PRD-0044,1,325.75,325.75,False
OI-0000059,ORD-000409,PRD-0001,-2,208.93,1253.58,True
OI-0000310,ORD-000366,PRD-0037,8,10.24,81.92,False
OI-0000824,ORD-000392,PRD-0049,5,,998.35,True
OI-0000584,ORD-000060,PRD-0045,7,347.66,2479.23,False
OI-0001079,ORD-000265,PRD-0001,2,208.93,417.86,False
OI-0000763,ORD-000165,PRD-0015,7,152.55,1067.85,False
OI-0000050,ORD-000100,PRD-0057,3,464.07,1392.21,True
OI-0000193,ORD-000149,PRD-0055,1,63.6,63.6,False
OI-0000887,ORD-000458,PRD-0008,6,57.98,347.88,False
OI-0000901,ORD-000172,PRD-0046,1,62.18,62.18,False
OI-0000199,ORD-000070,PRD-0001,4,208.93,835.72,False
OI-0000472,ORD-000322,PRD-0026,1,473.43,473.43,False
OI-0000416,ORD-000111,PRD-0044,5,325.75,1628.75,False
OI-0000364,ORD-000095,PRD-0042,3,88.76,266.28,False
OI-0001172,ORD-000192,PRD-0030,3,20.49,61.47,False
OI-0001004,ORD-000296,PRD-0050,8,10.99,87.92,False
OI-0001201,ORD-000088,PRD-0036,4,0.0,0.0,False
OI-0000768,ORD-000137,PRD-0031,8,130.03,1040.24,False
OI-0000786,order000411,PRD-0025,1,165.58,165.58,False
OI-0000343,ORD-000058,PRD-0019,2,85.46,170.92,False
OI-0000803,ORD-000371,PRD-0022,3,25.94,77.82,False
OI-0000987,ORD-000217,PRD-0040,6,101.99,611.94,False
OI-0001123,ORD-000051,PRD-0029,2,30.92,61.84,False
OI-0000129,ORD-000453,PRD-0045,8,347.66,2781.28,False
OI-0000260,ORD-000016,PRD-0046,3,62.18,186.54,False
OI-0000414,ORD-000061,PRD-0046,6,62.18,373.08,False
OI-0000197,ORD-000447,PRD-0023,3,122.0,366.0,False
OI-0000283,ORD-000334,PRD-0038,6,336.62,2019.72,False
OI-0000454,ORD-000119,PRD-0033,8,120.67,965.36,False
OI-0000978,ORD-000470,PRD-0015,1,152.55,152.55,False
OI-0000939,ORD-000289,PRD-0030,5,20.49,102.45,False
OI-0000705,ORD-000220,PRD-0035,4,49.16,196.64,False
OI-0000808,ORD-000045,PRD-0042,4,88.76,355.04,False
OI-0000853,ORD-000241,PRD-0058,4,331.5,1326.0,False
OI-0000486,ORD-000127,PRD-0007,2,257.12,514.24,False
OI-0000045,ORD-000276,PRD-0051,1978,20.39,40380.82,True
OI-0001194,ORD-000360,PRD-0014,6,85.64,513.84,False
OI-0000221,ORD-000494,PRD-0031,5,130.03,650.15,False
OI-0000030,ORD-000118,PRD-0049,1,199.67,199.67,False
OI-0000032,ORD-000250,PRD-0016,6,180.7,1084.2,False
OI-0000375,ORD-000024,PRD-0023,7,122.0,854.0,False
OI-0000797,ORD-000332,PRD-0032,3,294.41,883.23,False
OI-0000463,ORD-000195,PRD-0005,5,283.26,1416.3,False
OI-0001235,ORD-000349,PRD-0002,7,317.64,2223.48,False
OI-0000087,ORD-000370,PRD-0045,3,347.66,1042.98,False
OI-0000299,ORD-000469,PRD-0048,3,308.22,924.66,False
OI-0000307,ORD-000026,PRD-0056,5,87.59,437.95,False
OI-0001088,ORD-000316,PRD-0040,4,101.99,407.96,False
OI-0001135,ORD-000254,PRD-9014,6,308.22,1849.32,True
OI-0000071,ORD-000449,PRD-0023,6,122.0,732.0,False
OI-0000353,ORD-000186,PRD-0030,5,20.49,102.45,False
OI-0001186,ORD-000150,PRD-0010,0,146.75,1027.25,True
OI-0001126,ORD-000175,PRD-0002,5,317.64,1588.2,False
OI-0000156,ORD-000023,PRD-0032,7,294.41,2060.87,False
OI-0000580,ORD-000290,PRD-0030,1,20.49,20.49,False
OI-0000809,ORD-000471,PRD-0020,3,262.39,787.17,False
OI-0000391,ORD-000046,PRD-0046,8,62.18,497.44,False
OI-0000918,ORD-000033,PRD-0018,8,481.81,3854.48,False
OI-0000304,ORD-000490,PRD-0055,1,63.6,63.6,False
OI-0000821,ORD-000187,PRD-0046,3,62.18,186.54,False
OI-0001009,ORD-000499,PRD-0025,7,165.58,1159.06,True
OI-0000114,ORD-000210,PRD-0015,1,152.55,152.55,False
OI-0000287,ORD-000239,PRD-0042,5,88.76,443.8,False
OI-0000528,ORD-000200,PRD-0009,1,128.37,128.37,False
OI-0000655,ORD-000124,PRD-0034,5,76.39,381.95,False
OI-0000925,order000028,PRD-0031,1,130.03,130.03,False
OI-0000108,ORD-000442,PRD-0031,3,130.03,390.09,False
OI-0000979,ORD-000470,PRD-0037,4,10.24,40.96,False
OI-0001007,ORD-000252,PRD-0011,8,175.82,1406.56,False
OI-0001238,ORD-000103,PRD-0005,1,283.26,283.26,False
OI-0001165,ORD-000277,PRD-0016,6,180.7,1084.2,False
OI-0001019,ORD-000270,PRD-0044,3,325.75,977.25,False
OI-0000200,ORD-000070,PRD-0045,5,,1738.3,True
OI-0000718,ORD-000335,PRD-0012,4,108.15,432.6,False
OI-0000988,ORD-000280,PRD-0031,8,130.03,1040.24,False
OI-0001157,ORD-000314,PRD-0032,8,294.41,2355.28,False
OI-0001145,ORD-000049,PRD-0029,2,30.92,61.84,False
OI-0000895,ORD-000045,PRD-0037,6,10.24,61.44,False
OI-0000652,ORD-000124,PRD-0030,5,20.49,121.85,False
OI-0000313,ORD-000366,PRD-9028,6,380.19,2281.14,True
OI-0000755,ORD-000457,PRD-0023,7,122.0,854.0,False
OI-0000514,ORD-000229,PRD-0003,6,48.91,293.46,False
OI-0000210,ORD-000413,PRD-0022,8,25.94,207.52,False
OI-0000968,ORD-000157,PRD-0025,4,165.58,662.32,False
OI-0000211,ORD-000413,PRD-0046,3,62.18,186.54,False
OI-0000055,ORD-000251,PRD-0047,4,-31.78,-127.12,False
OI-0000271,ORD-000020,PRD-0019,1,85.46,85.46,False
OI-0000661,ORD-000144,PRD-0045,8,347.66,2781.28,False
OI-0000057,ORD-000409,PRD-0001,2,208.93,456.76,False
OI-0000110,ORD-000341,PRD-0036,7,0.0,0.0,False
OI-0000241,order000138,PRD-0034,1,76.39,76.39,False
OI-0001120,ORD-000051,PRD-0047,1,-31.78,-31.78,False
OI-0000530,ORD-000238,PRD-0017,-5,43.0,301.0,True
OI-0000555,ORD-000361,PRD-0017,7,43.0,301.0,False
OI-0000443,ORD-000109,PRD-0034,3,76.39,229.17,False
OI-0001149,ORD-000236,PRD-0008,8,57.98,463.84,False
OI-0001032,ORD-000191,PRD-9010,5,175.82,879.1,True
OI-0001240,ORD-000103,PRD-0059,4,241.74,966.96,False
OI-0000351,ORD-000018,prod_0006,2,19.43,38.86,False
OI-0000681,ORD-000203,PRD-0022,3,25.94,77.82,False
OI-0000744,ORD-000353,PRD-0001,4,208.93,835.72,False
OI-0000295,ORD-000308,PRD-0044,8,,2606.0,True
OI-0000482,ORD-000068,PRD-9029,8,63.6,508.8,True
OI-0001101,ORD-000329,PRD-0015,7,152.55,1067.85,False
OI-0001117,ORD-000055,PRD-0021,4,53.87,215.48,False
OI-0000523,ORD-000273,PRD-0012,2,108.15,216.3,False
OI-0000714,ORD-000485,PRD-0034,3,76.39,229.17,False
OI-0001059,ORD-000035,PRD-0035,8,49.16,393.28,False
OI-0000747,ORD-000337,PRD-0007,6,257.12,1542.72,False
OI-0000880,ORD-000005,PRD-0001,8,208.93,1671.44,False
OI-0000677,ORD-000184,PRD-0015,1,152.55,152.55,False
OI-0000870,ORD-000283,PRD-0031,5,130.03,650.15,False
OI-0000819,order000243,prod_0006,8,19.43,155.44,False
OI-0000171,ORD-000019,PRD-0035,1,49.16,49.16,False
OI-0000291,ORD-000406,PRD-0042,5,88.76,443.8,False
OI-0001109,ORD-000491,PRD-0008,-4,57.98,463.84,False
OI-0000813,ORD-000284,PRD-0049,7,199.67,1397.69,False
OI-0000644,ORD-000147,PRD-0014,-2,85.64,171.28,False
OI-0000598,ORD-000269,PRD-0048,5,308.22,1541.1,False
OI-0000920,ORD-000328,PRD-0001,2,208.93,417.86,False
OI-0000951,ORD-000129,PRD-0053,5,290.66,1453.3,False
OI-0000635,ORD-000321,PRD-0056,6,87.59,525.54,False
OI-0000465,ORD-000145,PRD-0025,7,165.58,1159.06,False
OI-0000448,ORD-000158,PRD-0008,8,57.98,463.84,False
OI-0000576,ORD-000254,PRD-0034,2,76.39,152.78,False
OI-0000922,ORD-000201,PRD-0018,5,481.81,2409.05,False
OI-0000262,ORD-000016,PRD-0012,4,108.15,469.14,False
OI-0000232,ORD-000438,PRD-0031,7,130.03,910.21,False
OI-0001033,ORD-000191,PRD-0050,7,10.99,76.93,False
OI-0001048,ORD-000002,PRD-0008,6,57.98,347.88,False
OI-0000011,ORD-000369,prod_0027,7,494.97,3464.79,False
OI-0000148,ORD-000001,PRD-0001,4,208.93,835.72,False
OI-0000297,ORD-000469,PRD-0055,3,63.6,190.8,False
OI-0001025,ORD-000162,PRD-0004,4,37.34,149.36,False
OI-0001213,ORD-000215,PRD-0021,3,53.87,161.61,False
OI-0000334,ORD-000212,PRD-0057,1,464.07,464.07,False
OI-0000994,ORD-000237,PRD-0032,2,294.41,588.82,False
OI-0000549,ORD-000305,PRD-0059,5,241.74,1208.7,False
OI-0000772,ORD-000259,PRD-0043,6,110.55,663.3,False
OI-0000298,ORD-000469,PRD-0019,3,85.46,256.38,False
OI-0000826,ORD-000160,PRD-0005,8,283.26,2266.08,False
OI-0000622,ORD-000011,PRD-0031,3,130.03,390.09,False
OI-0000333,ORD-000154,PRD-0008,1,57.98,57.98,False
OI-0000412,ORD-000483,PRD-0044,3,325.75,977.25,False
OI-0000937,ORD-000289,PRD-0030,2,20.49,40.98,False
OI-0000245,ORD-000272,PRD-0056,6,87.59,525.54,False
OI-0000753,ORD-000234,PRD-0039,1,204.28,204.28,False
OI-0001139,ORD-000170,PRD-0035,8,49.16,393.28,False
OI-0000136,ORD-000034,PRD-0013,2,228.07,456.14,False
OI-0001116,ORD-000055,PRD-0048,4,308.22,1232.88,False
OI-0000804,ORD-000371,PRD-9013,4,19.43,77.72,True
OI-0000707,ORD-000220,PRD-0021,5,53.87,269.35,False
OI-0001082,ORD-000242,PRD-0041,8,380.19,3041.52,False
OI-0000428,ORD-000193,prod_0027,6,494.97,2969.82,False
OI-0001174,ORD-000294,PRD-0031,3,130.03,390.09,False
OI-0000050,ORD-000100,PRD-0057,3,464.07,1392.21,True
OI-0000935,ORD-000379,PRD-0059,3,241.74,725.22,False
OI-0000159,ORD-000079,PRD-0040,4,101.99,407.96,False
OI-0000141,ORD-000080,prod_0006,5,19.43,97.15,False
OI-0000248,ORD-000441,PRD-0012,3,108.15,324.45,False
OI-0000329,ORD-000032,PRD-0023,3,122.0,366.0,False
OI-0000954,ORD-000487,prod_0006,1212,19.43,23557.82,True
OI-0000694,ORD-000383,PRD-0001,5,208.93,1044.65,False
OI-0000524,ORD-000273,PRD-0043,6,110.55,674.73,False
OI-0001020,ORD-000270,PRD-0021,1,53.87,53.87,False
OI-0000356,ORD-000067,PRD-0024,6,130.89,785.34,False
OI-0000066,ORD-000173,PRD-0040,8,101.99,825.03,False
OI-0000913,ORD-000062,PRD-0020,2,262.39,524.78,False
OI-0000346,ORD-000267,PRD-0046,3,62.18,186.54,False
OI-0000255,ORD-000087,PRD-0048,6,308.22,1849.32,False
OI-0000600,ORD-000007,PRD-0054,3,201.98,605.94,False
OI-0000696,ORD-000383,PRD-0001,8,208.93,1676.95,False
OI-0000382,ORD-000266,PRD-0053,8,290.66,2325.28,False
OI-0000097,ORD-000155,PRD-0034,5,76.39,381.95,False
OI-0000185,ORD-000302,PRD-0055,6,63.6,381.6,False
OI-0000332,ORD-000154,PRD-0047,3,-31.78,-95.34,False
OI-0000592,ORD-000090,PRD-0045,4,347.66,1390.64,False
OI-0000164,ORD-000475,PRD-0035,6,49.16,294.96,False
OI-0000487,ORD-000127,PRD-0058,8,331.5,2652.0,False
OI-0000625,ORD-000389,PRD-0026,3,473.43,1420.29,False
OI-0000222,ORD-000181,PRD-0031,5,130.03,650.15,False
OI-0000244,ORD-000498,PRD-0060,2,368.92,737.84,False
OI-0000033,ORD-000250,PRD-0054,7,201.98,1413.86,False
OI-0000157,ORD-000324,PRD-0023,3,122.0,366.0,False
OI-0000724,ORD-000362,PRD-0052,6,130.75,784.5,False
OI-0000963,ORD-000474,PRD-0004,1,37.34,37.34,False
OI-0000278,ORD-000057,PRD-0017,5,43.0,215.0,False
OI-0000765,ORD-000165,PRD-0031,-1,130.03,130.03,False
OI-0001173,ORD-000386,PRD-0048,944,308.22,1849.32,True
OI-0001146,ORD-000345,PRD-0058,2,331.5,663.0,False
OI-0000366,ORD-000095,PRD-0055,7,63.6,445.2,False
OI-0001055,ORD-000420,PRD-0041,8,380.19,3041.52,False
OI-0000266,ORD-000275,PRD-0041,1,380.19,380.19,False
OI-0000276,ORD-000057,PRD-0059,3,241.74,725.22,False
OI-0000810,ORD-000471,PRD-0028,3,323.11,969.33,False
OI-0000707,ORD-000220,PRD-0021,5,53.87,269.35,False
OI-0001046,ORD-000390,PRD-0031,2,130.03,260.06,False
OI-0000900,ORD-000172,PRD-0012,5,108.15,577.53,False
OI-0001128,ORD-000446,PRD-0030,3,20.49,61.47,False
OI-0000567,ORD-000197,PRD-0040,5,,509.95,True
OI-0000916,ORD-000048,PRD-0002,5,317.64,1588.2,False
OI-0000179,ORD-000443,PRD-0035,8,49.16,402.06,False
OI-0000424,ORD-000030,PRD-0007,4,257.12,1028.48,False
OI-0001231,ORD-000107,PRD-0046,2,62.18,124.36,False
OI-0000995,ORD-000237,PRD-0055,5,63.6,318.0,True
OI-0001170,ORD-000192,PRD-0008,7,57.98,405.86,False
OI-0001103,ORD-000078,PRD-0031,1,130.03,130.03,False
OI-0000089,ORD-000370,PRD-0033,3,120.67,362.01,False
OI-0000667,ORD-000278,PRD-0054,5,201.98,1009.9,False
OI-0001043,ORD-000054,PRD-0060,7,368.92,2582.44,False
OI-0000429,ORD-000193,PRD-0036,5,0.0,0.0,False
OI-0000478,ORD-000142,PRD-0020,6,262.39,1574.34,False
OI-0000680,ORD-000203,PRD-0030,1,20.49,20.49,False
OI-0000631,ORD-000104,PRD-0023,4,122.0,488.0,False
OI-0000286,ORD-000081,PRD-0041,5,380.19,1900.95,False
OI-0001198,ORD-000373,PRD-0013,7,228.07,1596.49,False
OI-0000359,ORD-000403,PRD-0022,8,25.94,207.52,False
OI-0000267,ORD-000394,PRD-0024,8,130.89,1047.12,False
OI-0000060,ORD-000424,PRD-0056,3,87.59,262.77,False
OI-0000498,ORD-000256,PRD-0017,2,43.0,86.0,False
OI-0000778,ORD-000121,PRD-0008,4,57.98,231.92,False
OI-0000728,order000300,PRD-0054,4,201.98,807.92,False
OI-0000439,ORD-000463,PRD-0050,5,10.99,54.95,False
OI-0000381,order000232,PRD-0004,7,37.34,261.38,False
OI-0000515,ORD-000229,PRD-0007,5,257.12,1285.6,False
OI-0000611,ORD-000178,PRD-0044,2,325.75,651.5,False
OI-0000678,ORD-000184,PRD-0032,7,294.41,2060.87,False
OI-0001229,ORD-000072,PRD-0031,6,130.03,780.18,False
OI-0001218,ORD-000122,PRD-0039,6,204.28,1225.68,False
OI-0000480,ORD-000495,PRD-0011,5,175.82,879.1,False
OI-0000378,order000232,PRD-0055,3,63.6,190.8,False
OI-0000084,ORD-000330,PRD-0014,1,85.64,107.32,False
OI-0000130,ORD-000496,PRD-0038,3,336.62,1009.86,False
OI-0001232,ORD-000107,PRD-0015,3,,466.75,False
OI-0000717,ORD-000335,PRD-0003,3,,146.73,False
OI-0001006,ORD-000500,PRD-0004,2,37.34,74.68,False
OI-0000520,ORD-000417,PRD-0032,1,294.41,294.41,False
OI-0000261,ORD-000016,PRD-0050,1,10.99,44.42,False
OI-0000590,ORD-000112,PRD-0044,6,325.75,1954.5,False
OI-0000603,order000393,PRD-0024,8,130.89,1047.12,False
OI-0001089,ORD-000089,PRD-0050,4,10.99,43.96,False
OI-0000615,ORD-000185,PRD-0012,4,108.15,432.6,False
OI-0000139,ORD-000080,PRD-0050,5,10.99,54.95,False
OI-0000293,ORD-000308,PRD-0048,4,308.22,1232.88,False
OI-0001150,ORD-000236,PRD-0010,1,146.75,146.75,False
OI-0000142,ORD-000418,PRD-0014,6,85.64,513.84,False
OI-0000775,ORD-000233,PRD-0040,8,101.99,815.92,False
OI-0001031,ORD-000402,PRD-0050,6,10.99,65.94,False
OI-0001154,ORD-000022,PRD-0005,4,283.26,1133.04,False
OI-0000140,ORD-000080,PRD-0030,2,20.49,40.98,False
OI-0000440,ORD-000109,PRD-0051,6,20.39,122.34,False
OI-0000936,ORD-000379,PRD-0045,6,347.66,2085.96,False
OI-0000225,ORD-000181,PRD-0024,1,130.89,130.89,False
OI-0000395,ORD-000395,PRD-0032,7,294.41,2060.87,False
OI-0000275,ORD-000339,PRD-0056,-1,87.59,87.59,False
OI-0000324,ORD-000127,PRD-9023,5,128.37,641.85,False
OI-0000340,ORD-000423,PRD-0020,2,262.39,524.78,False
OI-0000614,ORD-000422,PRD-0031,6,130.03,780.18,False
OI-0000715,ORD-000485,PRD-0040,7,101.99,713.93,False
OI-0000399,ORD-000473,PRD-0007,1,257.12,257.12,False
OI-0001114,ORD-000244,PRD-0056,8,87.59,700.72,False
OI-0000905,ORD-000099,PRD-0008,1,57.98,57.98,False
OI-0000630,ORD-000104,PRD-0023,2,122.0,244.0,False
OI-0000674,ORD-000123,PRD-0004,1,37.34,37.34,False
OI-0000683,ORD-000312,PRD-0012,5,108.15,540.75,False
OI-0000740,ORD-000180,PRD-0037,7,10.24,71.68,False
OI-0000837,ORD-000143,PRD-9032,3,347.66,1042.98,False
OI-0000595,ORD-000269,PRD-0021,5,53.87,269.35,False
OI-0000637,ORD-000199,prod_0006,4,19.43,77.72,False
OI-0000524,ORD-000273,PRD-0043,6,110.55,674.73,False
OI-0000619,ORD-000288,PRD-0053,5,290.66,1453.3,False
OI-0000537,ORD-000223,PRD-0039,4,204.28,817.12,False
OI-0000931,ORD-000261,prod_0006,8,19.43,155.44,False
OI-0000322,ORD-000317,PRD-0002,4,317.64,1270.56,False
OI-0000377,ORD-000024,PRD-0001,3,208.93,626.79,False
OI-0001204,ORD-000088,PRD-0008,5,57.98,337.65,False
OI-0000938,ORD-000289,PRD-0031,8,130.03,1040.24,False
OI-0000886,ORD-000458,PRD-0033,1,120.67,120.67,False
OI-0000040,ORD-000094,PRD-0047,6,-31.78,-190.68,False
OI-0000031,ORD-000118,PRD-0018,3,481.81,1445.43,False
OI-0000243,order000138,PRD-0008,3,57.98,173.94,False
OI-0000848,ORD-000096,PRD-0050,6,10.99,65.94,False
OI-0000137,ORD-000034,PRD-0010,8,146.75,1174.0,False
OI-0000311,ORD-000366,PRD-0010,3,146.75,440.25,False
OI-0001054,ORD-000050,PRD-0043,7,110.55,773.85,False
OI-0000673,ORD-000123,PRD-0013,3,228.07,684.21,False
OI-0000362,ORD-000397,PRD-0026,8,473.43,3787.44,False
OI-0001115,ORD-000055,PRD-0018,7,481.81,3372.67,False
OI-0000919,ORD-000268,PRD-0018,5,481.81,2409.05,False
OI-0000618,ORD-000288,PRD-0012,4,108.15,432.6,False
OI-0000004,ORD-000476,PRD-0039,7,204.28,1429.96,False
OI-0000112,ORD-000083,PRD-0018,6,481.81,2890.86,False
OI-0000666,ORD-000278,PRD-0011,7,175.82,1230.74,False
OI-0001090,ORD-000089,PRD-0018,2,481.81,963.62,False
OI-0000479,ORD-000495,prod_0027,3,494.97,1484.91,False
OI-0000915,ORD-000048,PRD-0034,5,76.39,381.95,False
OI-0000827,ORD-000160,PRD-0056,0,87.59,525.54,False
OI-0000948,ORD-000063,PRD-0012,2,108.15,216.3,False
OI-0000426,ORD-000030,PRD-0016,5,180.7,903.5,False
OI-0000315,ORD-000141,PRD-0037,8,10.24,131.29,False
OI-0001024,ORD-000162,PRD-0013,2,228.07,456.14,False
OI-0000320,ORD-000317,PRD-0047,1,-31.78,-31.78,False
OI-0000858,ORD-000387,PRD-0030,2,20.49,40.98,False
OI-0000568,ORD-000197,PRD-0046,1,62.18,107.97,False
OI-0000006,ORD-000476,PRD-0036,-1,0.0,0.0,False
OI-0000101,ORD-000226,PRD-0017,2,43.0,121.26,False
OI-0000706,ORD-000220,PRD-0037,6,10.24,61.44,False
OI-0000723,ORD-000410,PRD-0042,2,88.76,177.52,False
OI-0000543,ORD-000120,PRD-0031,1,130.03,130.03,False
OI-0001035,ORD-000310,PRD-0012,8,108.15,865.2,True
OI-0000940,ORD-000163,PRD-0039,2,204.28,408.56,False
OI-0000794,ORD-000108,PRD-0013,8,228.07,1824.56,False
OI-0001084,ORD-000014,PRD-0039,8,204.28,1634.24,False
OI-0001094,ORD-000274,PRD-0017,8,43.0,344.0,False
OI-0000228,ORD-000375,PRD-0010,2,146.75,293.5,False
OI-0000773,ORD-000233,PRD-0013,1,228.07,235.66,False
OI-0000583,ORD-000291,PRD-0022,5,25.94,129.7,False
OI-0000708,ORD-000130,PRD-0005,8,283.26,2266.08,False
OI-0000468,ORD-000145,PRD-0042,2,88.76,177.52,False
OI-0000067,ORD-000031,PRD-0047,3,-31.78,-95.34,False
OI-0000068,ORD-000031,PRD-0059,8,241.74,1933.92,False
OI-0000852,ORD-000241,PRD-0019,2,85.46,170.92,False
OI-0000212,ORD-000413,PRD-9034,3,204.28,612.84,False
OI-0000013,ORD-000056,PRD-9008,4,19.43,77.72,False
OI-0001027,ORD-000218,PRD-0025,3,165.58,496.74,False
OI-0000716,ORD-000335,PRD-0008,2,57.98,115.96,False
OI-0000300,ORD-000432,PRD-0042,6,88.76,532.56,False
OI-0000573,ORD-000372,PRD-0016,3,180.7,542.1,False
OI-0000843,ORD-000222,prod_0006,3,19.43,58.29,False
OI-0001134,ORD-000254,PRD-0051,6,20.39,122.34,False
OI-0000874,ORD-000421,PRD-0047,5,-31.78,-158.9,False
OI-0000842,ORD-000447,PRD-0012,4,108.15,432.6,False
OI-0001200,ORD-000373,PRD-0053,5,290.66,1453.3,False
OI-0000430,ORD-000193,PRD-0013,8,228.07,1824.56,False
OI-0000586,ORD-000060,PRD-0049,8,199.67,1597.36,False
OI-0000757,ORD-000457,PRD-0056,1,87.59,87.59,False
OI-0001182,order000258,PRD-0013,8,228.07,1824.56,False
OI-0000421,ORD-000298,PRD-0044,1,325.75,325.75,False
OI-0001122,ORD-000051,PRD-0052,2,130.75,261.5,False
OI-0001093,ORD-000388,PRD-0042,4,88.76,355.04,True
OI-0000274,ORD-000339,PRD-0018,1,481.81,506.68,False
OI-0000452,ORD-000119,PRD-0025,5,165.58,827.9,False
OI-0000363,ORD-000397,PRD-9031,8,481.81,3854.48,False
OI-0000238,ORD-000350,PRD-0053,5,290.66,1453.3,False
OI-0001158,ORD-000314,PRD-0030,3,20.49,61.47,False
OI-0001151,ORD-000253,prod_0027,3,494.97,1484.91,False
OI-0000003,ORD-000450,PRD-0045,7,347.66,2433.62,False
OI-0000007,ORD-000476,PRD-0009,-1,128.37,1026.96,False
OI-0000722,ORD-000410,PRD-0001,4,208.93,835.72,False
OI-0000312,ORD-000366,PRD-0050,6,10.99,65.94,False
OI-0001085,ORD-000014,PRD-0040,5,101.99,509.95,False
OI-0000431,ORD-000193,PRD-0054,6,201.98,1250.74,False
OI-0000550,ORD-000305,PRD-0039,7,204.28,1429.96,False
OI-0001207,ORD-000459,PRD-0032,2,294.41,588.82,False
OI-0001168,ORD-000444,PRD-0043,6,110.55,663.3,False
OI-0000216,ORD-000303,PRD-0007,8,257.12,2056.96,False
OI-0000462,order000176,PRD-0030,1,20.49,20.49,False
OI-0000028,ORD-000221,PRD-9036,5,53.87,269.35,False
OI-0001220,ORD-000244,PRD-0018,6,481.81,2890.86,False
OI-0000835,ORD-000171,PRD-0050,8,10.99,87.92,False
OI-0000845,ORD-000222,PRD-0008,6,57.98,347.88,False
OI-0000869,ORD-000207,PRD-0049,2,199.67,399.34,False
OI-0000896,ORD-000214,PRD-0014,6,85.64,513.84,False
OI-0000539,ORD-000223,PRD-0002,0,317.64,2223.48,False
OI-0000817,ORD-000086,PRD-0039,4,204.28,817.12,False
OI-0000594,ORD-000090,PRD-0005,3,283.26,849.78,False
OI-0000355,ORD-000067,PRD-0056,5,87.59,437.95,False
OI-0001107,ORD-000135,PRD-0018,3,481.81,1445.43,False
OI-0000760,ORD-000318,PRD-0021,4,53.87,215.48,False
OI-0000257,ORD-000076,PRD-0013,7,228.07,1596.49,False
OI-0000292,ORD-000406,PRD-0017,7,43.0,301.0,False
OI-0000026,ORD-000416,PRD-0053,1,290.66,290.66,False
OI-0000337,ORD-000212,PRD-0045,8,347.66,2781.28,False
OI-0000483,ORD-000262,PRD-0019,0,85.46,427.3,False
OI-0000048,ORD-000100,PRD-0030,7,20.49,143.43,False
OI-0000319,ORD-000317,PRD-0001,4,208.93,855.51,False
OI-0000107,ORD-000003,PRD-0055,4,63.6,254.4,False
OI-0000893,ORD-000045,PRD-0030,7,20.49,143.43,False
OI-0000056,ORD-000409,PRD-0042,2,88.76,177.52,False
OI-0000850,ORD-000052,PRD-9018,7,10.99,76.93,False
OI-0000214,ORD-000303,PRD-0045,892,347.66,1738.3,True
OI-0000121,ORD-000078,PRD-0001,1,208.93,208.93,False
OI-0001066,ORD-000428,PRD-0045,1,347.66,374.91,False
OI-0000504,ORD-000146,PRD-0009,2,128.37,256.74,False
OI-0000579,ORD-000290,PRD-0015,4,152.55,610.2,False
OI-0000073,ORD-000091,PRD-0016,5,180.7,903.5,False
OI-0000411,ORD-000483,PRD-0013,5,228.07,1140.35,False
OI-0000668,ORD-000098,PRD-0028,5,323.11,1615.55,False
OI-0000833,ORD-000029,PRD-0036,1,0.0,0.0,False
OI-0000561,ORD-000235,PRD-0048,3,308.22,924.66,False
OI-0000433,ORD-000465,PRD-0019,2,85.46,170.92,False
OI-0000554,ORD-000361,PRD-0028,5,323.11,1615.55,False
OI-0001002,ORD-000213,PRD-0022,3,25.94,77.82,False
OI-0000875,ORD-000421,PRD-0028,6,323.11,1938.66,False
OI-0000977,ORD-000380,PRD-9024,7,0.0,0.0,False
OI-0000623,ORD-000011,prod_0027,6,494.97,2969.82,False
OI-0001179,ORD-000344,PRD-0029,6,,185.52,False
OI-0000559,ORD-000235,PRD-0020,7,,1836.73,False
OI-0000326,ORD-000333,PRD-0019,6,85.46,512.76,False
OI-0000571,ORD-000140,PRD-0003,0,,195.64,False
OI-0000866,ORD-000207,PRD-0048,1,308.22,308.22,False
OI-0000317,ORD-000419,PRD-0040,7,101.99,713.93,False
OI-0000971,ORD-000157,PRD-0054,5,201.98,1009.9,False
OI-0000927,ORD-000231,PRD-0012,8,108.15,865.2,False
OI-0000466,ORD-000145,PRD-0028,7,323.11,2261.77,False
OI-0001051,ORD-000451,PRD-0024,6,130.89,785.34,False
OI-0000761,ORD-000318,PRD-0010,7,146.75,1052.43,False
OI-0001080,ORD-000242,prod_0027,8,494.97,3959.76,False
OI-0000756,ORD-000457,prod_0027,2,494.97,989.94,False
OI-0000907,ORD-000293,PRD-0033,8,120.67,965.36,False
OI-0000061,ORD-000452,PRD-0005,2,283.26,566.52,False
OI-0000434,ORD-000027,PRD-0012,2,108.15,216.3,False
OI-0000946,ORD-000139,PRD-0053,7,290.66,2034.62,False
OI-0000093,ORD-000102,PRD-0008,1,57.98,57.98,False
OI-0000964,ORD-000065,PRD-0046,6,62.18,373.08,False
OI-0001178,ORD-000344,PRD-0002,4,317.64,1270.56,False
OI-0000352,ORD-000018,PRD-0047,-3,-31.78,-158.9,False
OI-0000195,ORD-000156,PRD-0041,8,380.19,3041.52,False
OI-0000281,ORD-000334,PRD-0030,8,20.49,163.92,False
OI-0000799,ORD-000332,PRD-0023,4,122.0,488.0,False
OI-0000495,ORD-000194,PRD-0023,8,122.0,976.0,False
OI-0000360,ORD-000403,PRD-0040,2,101.99,213.62,False
OI-0001223,ORD-000021,PRD-0024,7,130.89,916.23,False
OI-0000812,ORD-000066,PRD-0012,3,108.15,324.45,False
OI-0000932,ORD-000261,PRD-0007,8,257.12,2056.96,False
OI-0000585,ORD-000060,PRD-0037,4,10.24,40.96,False
OI-0000507,ORD-000093,PRD-0049,8,199.67,1597.36,False
OI-0000552,ORD-000425,PRD-0034,4,76.39,305.56,False
OI-0001010,ORD-000499,PRD-0031,7,130.03,910.21,False
OI-0000183,ORD-000461,PRD-0059,6,241.74,1450.44,False
OI-0000712,ORD-000429,PRD-9021,4,101.99,407.96,False
OI-0000527,ORD-000164,PRD-0002,3,317.64,952.92,False
OI-0000111,ORD-000083,PRD-0021,6,53.87,323.22,False
OI-0000371,ORD-000355,PRD-0029,5,30.92,154.6,False
OI-0000459,order000176,PRD-0054,7,201.98,1413.86,False
OI-0000240,ORD-000486,PRD-9005,6,165.58,993.48,False
OI-0000788,ORD-000439,PRD-0051,5,20.39,101.95,False
OI-0000919,ORD-000268,PRD-0018,5,481.81,2409.05,False
OI-0000672,ORD-000123,PRD-0040,8,101.99,815.92,False
OI-0000205,ORD-000299,PRD-0051,4,20.39,81.56,False
OI-0000591,ORD-000090,PRD-0023,0,122.0,122.0,False
OI-0000902,ORD-000172,PRD-0018,8,481.81,3854.48,False
OI-0000719,ORD-000385,PRD-0032,1,294.41,318.5,False
OI-0000891,ORD-000227,PRD-0042,3,88.76,266.28,False
OI-0000732,ORD-000347,PRD-0048,6,308.22,1849.32,False
OI-0001132,ORD-000190,PRD-0058,1,331.5,331.5,False
OI-0000184,ORD-000047,PRD-0002,3,317.64,952.92,False
OI-0000138,ORD-000080,PRD-0021,6,53.87,323.22,False
OI-0000701,ORD-000427,PRD-0052,4,130.75,523.0,False
OI-0000081,ORD-000211,PRD-0024,3,130.89,392.67,False
OI-0000894,ORD-000045,PRD-0060,5,368.92,1844.6,False
OI-0000814,ORD-000086,PRD-0020,5,262.39,1352.48,False
OI-0001183,ORD-000309,PRD-0033,8,120.67,965.36,False
OI-0000166,ORD-000475,PRD-0025,1,165.58,165.58,False
OI-0000249,ORD-000354,PRD-0003,6,48.91,293.46,False
OI-0000308,ORD-000026,prod_0027,3,494.97,1484.91,False
OI-0000851,ORD-000241,PRD-0020,8,262.39,2099.12,False
OI-0000536,ORD-000315,PRD-0011,6,175.82,1054.92,False
OI-0000335,ORD-000212,PRD-0039,2,204.28,408.56,False
OI-0000098,ORD-000155,PRD-0011,5,175.82,879.1,False
OI-0000546,ORD-000287,PRD-0052,7,130.75,915.25,False
OI-0000679,ORD-000203,PRD-0051,6,20.39,122.34,False
OI-0001009,ORD-000499,PRD-0025,7,165.58,1159.06,True
OI-0000844,ORD-000222,PRD-0046,2,62.18,133.12,False
OI-0000766,ORD-000137,PRD-0017,7,43.0,301.0,False
OI-0000629,ORD-000104,PRD-0024,5,130.89,654.45,False
OI-0001143,ORD-000049,PRD-0023,2,122.0,244.0,False
OI-0000303,ORD-000490,PRD-0017,8,43.0,344.0,False
OI-0001036,ORD-000310,PRD-0060,7,368.92,2582.44,False
OI-0000389,ORD-000117,PRD-0024,4,130.89,523.56,False
OI-0000236,ORD-000311,PRD-0052,1,130.75,130.75,False
OI-0000906,ORD-000099,PRD-0050,2,10.99,21.98,False
OI-0000807,ORD-000045,PRD-0029,4,,123.68,False
OI-0000306,ORD-000026,PRD-0057,2,464.07,928.14,False
OI-0000859,ORD-000179,PRD-0016,5,180.7,903.5,False
OI-0001208,ORD-000459,PRD-0039,8,204.28,1634.24,False
OI-0000250,ORD-000354,PRD-0045,8,347.66,2781.28,False
OI-0000846,ORD-000222,prod_0006,7,19.43,136.01,False
OI-0000072,ORD-000091,PRD-0016,2,180.7,361.4,False
OI-0000095,ORD-000219,PRD-0008,3,57.98,173.94,False
OI-0000606,order000393,PRD-0026,3,473.43,1420.29,False
OI-0000034,ORD-000174,PRD-0010,5,146.75,733.75,False
OI-0000856,ORD-000387,PRD-0039,4,204.28,817.12,False
OI-0000449,ORD-000477,PRD-0058,4,331.5,1326.0,False
OI-0000446,ORD-000038,PRD-0043,6,110.55,663.3,False
OI-0000945,ORD-000434,PRD-0031,0,130.03,780.18,False
OI-0001227,ORD-000072,PRD-0030,2,20.49,40.98,False
OI-0000889,ORD-000101,PRD-0013,6,228.07,1368.42,False
OI-0000078,ORD-000365,PRD-0032,2,294.41,588.82,False
OI-0000085,ORD-000330,PRD-0051,5,20.39,101.95,False
OI-0000599,ORD-000007,PRD-0015,4,152.55,610.2,False
OI-0000083,ORD-000211,PRD-0002,1,317.64,317.64,False
OI-0000458,ORD-000115,PRD-0041,4,380.19,1520.76,False
OI-0000713,ORD-000429,PRD-0021,7,53.87,377.09,False
OI-0000890,ORD-000101,PRD-0060,8,368.92,2951.36,False
OI-0000437,ORD-000008,PRD-0001,3,208.93,659.61,False
OI-0000650,ORD-000292,PRD-0034,1,76.39,76.39,False
OI-0001000,ORD-000213,PRD-0051,8,20.39,163.12,False
OI-0000405,ORD-000004,PRD-0007,6,257.12,1542.72,False
OI-0001102,ORD-000078,PRD-0025,2,165.58,331.16,False
OI-0000671,ORD-000357,PRD-9002,2,108.15,216.3,False
OI-0000725,ORD-000362,PRD-0036,7,0.0,0.0,False
OI-0000105,ORD-000064,PRD-0058,2,331.5,663.0,False
OI-0000597,ORD-000269,PRD-0032,4,294.41,1177.64,False
OI-0000669,ORD-000357,PRD-0042,5,88.76,443.8,False
OI-0000063,ORD-000452,PRD-9012,5,53.87,269.35,False
OI-0000282,ORD-000334,PRD-0020,7,262.39,1836.73,False
OI-0000733,ORD-000347,PRD-0044,7,325.75,2280.25,False
OI-0000239,ORD-000350,PRD-0021,2,53.87,107.74,False
OI-0000224,ORD-000181,PRD-0012,7,108.15,757.05,False
OI-0000146,ORD-000069,PRD-0026,4,473.43,1893.72,False
OI-0001180,ORD-000344,PRD-0004,4,37.34,149.36,False
OI-0000374,ORD-000024,PRD-0043,8,110.55,884.4,False
OI-0000119,ORD-000182,PRD-0030,8,20.49,163.92,False
OI-0000899,ORD-000437,PRD-0041,3,380.19,1140.57,False
OI-0000251,ORD-000354,PRD-0059,6,241.74,1450.44,False
OI-0001219,ORD-000244,PRD-0053,5,290.66,1453.3,False
OI-0000010,ORD-000369,PRD-0036,8,0.0,0.0,False
OI-0000450,ORD-000477,PRD-0003,6,48.91,293.46,False
OI-0000984,ORD-000217,PRD-0034,2,76.39,152.78,False
OI-0000390,ORD-000046,PRD-0022,8,25.94,249.71,False
OI-0000910,ORD-000293,PRD-0050,2,10.99,21.98,False
OI-0001011,ORD-000468,PRD-0019,8,85.46,683.68,False
OI-0000558,ORD-000408,PRD-0012,8,108.15,865.2,False
OI-0000461,order000176,PRD-0048,1,308.22,308.22,False
OI-0001164,ORD-000161,PRD-0012,3,,324.45,False
OI-0000145,ORD-000069,PRD-0053,1,290.66,290.66,False
OI-0000502,ORD-000488,PRD-0035,8,49.16,393.28,False
OI-0001167,ORD-000444,PRD-0012,1,108.15,108.15,False
OI-0000540,ORD-000223,PRD-0053,2,290.66,581.32,False
OI-0000178,ORD-000443,PRD-0054,8,201.98,1615.84,False
OI-0001221,ORD-000244,PRD-0007,6,257.12,1542.72,False
OI-0000934,ORD-000379,PRD-0056,5,87.59,437.95,False
OI-0000645,ORD-000401,PRD-0005,8,283.26,2306.05,False
OI-0000001,ORD-000481,PRD-0044,2,325.75,651.5,False
OI-0000008,ORD-000435,PRD-0056,0,87.59,87.59,False
OI-0000771,ORD-000198,PRD-0021,-4,53.87,107.74,False
OI-0000944,ORD-000434,PRD-9027,3,180.7,542.1,False
OI-0000358,ORD-000403,PRD-0001,3,208.93,626.79,False
OI-0000330,ORD-000032,PRD-0059,7,241.74,1692.18,False
OI-0000784,order000411,PRD-0040,3,101.99,305.97,False
OI-0001041,ORD-000106,PRD-9017,0,10.24,81.92,False
OI-0000259,ORD-000448,PRD-0033,2,120.67,241.34,False
OI-0000975,ORD-000380,PRD-0056,7,87.59,613.13,False
OI-0001001,ORD-000213,PRD-0012,1,108.15,108.15,False
OI-0001078,ORD-000265,PRD-0002,2,317.64,635.28,False
OI-0000863,ORD-000396,PRD-0059,2,241.74,483.48,False
OI-0000983,ORD-000412,PRD-0045,5,347.66,1738.3,False
OI-0000526,ORD-000164,PRD-0038,7,336.62,2356.34,False
OI-0000911,ORD-000216,PRD-0014,8,85.64,685.12,False
OI-0000738,ORD-000180,PRD-0055,7,63.6,445.2,False
OI-0000908,ORD-000293,PRD-0058,4,331.5,1326.0,False
OI-0001203,ORD-000088,PRD-0017,8,43.0,344.0,False
OI-0000441,ORD-000109,PRD-0005,6,,1699.56,False
OI-0000532,ORD-000075,prod_0006,8,19.43,155.44,False
OI-0000227,ORD-000375,PRD-0054,1,201.98,242.6,False
OI-0000229,ORD-000133,PRD-0043,7,110.55,773.85,False
OI-0001097,ORD-000274,PRD-0051,-3,20.39,40.78,False
OI-0000213,ORD-000412,PRD-0007,4,257.12,1028.48,False
OI-0000080,ORD-000211,PRD-0056,7,,613.13,False
OI-0000149,ORD-000085,PRD-0013,6,228.07,1368.42,False
OI-0000655,ORD-000124,PRD-0034,5,76.39,381.95,False
OI-0001044,ORD-000390,PRD-0010,7,146.75,1027.25,False
OI-0000651,ORD-000292,PRD-0003,6,48.91,293.46,False
OI-0000134,ORD-000426,PRD-0060,6,368.92,2213.52,False
OI-0000972,ORD-000041,PRD-0009,1,128.37,128.37,False
OI-0000409,ORD-000228,PRD-0009,5,128.37,641.85,False
OI-0000746,ORD-000353,PRD-0050,5,10.99,54.95,False
OI-0000508,ORD-000093,PRD-0011,3,175.82,527.46,False
OI-0000986,ORD-000217,PRD-0044,5,325.75,1628.75,False
OI-0000505,ORD-000093,PRD-0024,4,130.89,523.56,False
OI-0001133,ORD-000254,PRD-0028,4,323.11,1292.44,False
OI-0000348,ORD-000267,PRD-0045,6,,2085.96,False
OI-0000387,ORD-000006,PRD-0053,5,290.66,1453.3,False
OI-0000001,ORD-000481,PRD-0044,2,325.75,651.5,False
OI-0000361,ORD-000397,PRD-0053,0,290.66,581.32,False
OI-0001196,ORD-000100,PRD-0001,5,208.93,1044.65,False
OI-0000476,ORD-000363,PRD-0036,3,0.0,0.0,False
OI-0000866,ORD-000207,PRD-0048,1,308.22,308.22,False
OI-0000860,ORD-000042,PRD-0004,1,37.34,37.34,False
OI-0000840,ORD-000407,PRD-9022,3,10.99,32.97,False
OI-0001034,ORD-000191,PRD-0022,5,25.94,129.7,False
OI-0000173,ORD-000019,PRD-0037,7,10.24,71.68,False
OI-0000451,ORD-000119,PRD-0059,2,241.74,483.48,False
OI-0000126,ORD-000453,PRD-0032,3,294.41,883.23,False
OI-0000709,ORD-000130,PRD-0019,6,85.46,512.76,False
OI-0000531,ORD-000238,PRD-0039,1,204.28,204.28,False
OI-0000091,ORD-000102,PRD-0045,4,347.66,1390.64,False
OI-0001224,ORD-000189,PRD-0059,2,241.74,483.48,False
OI-0000182,ORD-000461,PRD-9025,3,130.75,392.25,False
OI-0001100,ORD-000329,PRD-0015,6,152.55,915.3,False
OI-0000415,ORD-000111,PRD-0038,7,336.62,2356.34,False
OI-0000252,ORD-000354,PRD-0002,5,317.64,1588.2,False
OI-0000070,ORD-000449,PRD-9016,7,199.67,1397.69,False
OI-0000132,ORD-000426,PRD-0028,3,323.11,969.33,False
OI-0000301,ORD-000432,PRD-0015,5,152.55,762.75,False
OI-0000742,ORD-000478,PRD-0026,1,473.43,473.43,False
OI-0000327,ORD-000032,PRD-0057,3,464.07,1392.21,False
OI-0001237,ORD-000103,PRD-0008,1,57.98,57.98,False
OI-0001064,ORD-000431,PRD-0003,8,48.91,391.28,False
OI-0000500,ORD-000110,PRD-0053,7,290.66,2034.62,False
OI-0000737,ORD-000113,PRD-0060,6,368.92,2213.52,False
OI-0000365,ORD-000095,PRD-0008,1,57.98,57.98,False
OI-0000496,ORD-000194,PRD-0036,2,0.0,0.0,False
OI-0001177,ORD-000414,PRD-0009,2,128.37,279.25,False
OI-0000339,ORD-000423,PRD-0045,1,347.66,347.66,False
OI-0000422,ORD-000298,PRD-0045,4,347.66,1390.64,False
OI-0000165,ORD-000475,PRD-0059,6,241.74,1450.44,False
OI-0000029,ORD-000221,PRD-0019,2,85.46,170.92,False
OI-0000517,ORD-000417,PRD-0042,2,88.76,177.52,False
OI-0000194,ORD-000156,PRD-0039,4,204.28,817.12,False
OI-0000702,ORD-000427,PRD-0002,-3,317.64,1905.84,False
OI-0000868,ORD-000207,PRD-0024,2,130.89,261.78,False
OI-0000170,ORD-000336,PRD-0011,4,175.82,703.28,False
OI-0000789,ORD-000439,PRD-0004,1,37.34,37.34,False
OI-0000653,ORD-000124,PRD-0036,3,0.0,0.0,False
OI-0000174,ORD-000281,PRD-0060,3,368.92,1106.76,False
OI-0000519,ORD-000417,PRD-0034,6,76.39,458.34,False
OI-0001028,ORD-000218,PRD-0058,3,331.5,994.5,False
OI-0000781,ORD-000225,PRD-0029,6,30.92,185.52,False
OI-0000492,ORD-000246,PRD-0046,7,62.18,435.26,False
OI-0000074,ORD-000382,PRD-0055,5,63.6,318.0,False
OI-0001058,ORD-000206,PRD-9001,5,294.41,1472.05,False
OI-0000588,ORD-000112,PRD-0031,2,130.03,260.06,False
OI-0000658,ORD-000376,PRD-0017,-2,43.0,43.0,False
OI-0000235,ORD-000177,PRD-0012,3,108.15,324.45,False
OI-0000215,ORD-000303,PRD-0043,4,110.55,442.2,False
OI-0000163,ORD-000073,PRD-0025,6,165.58,993.48,False
OI-0000133,ORD-000426,PRD-0016,6,180.7,1084.2,False
OI-0000865,ORD-000396,PRD-0044,3,325.75,977.25,False
OI-0001014,ORD-000304,PRD-0055,5,63.6,318.0,False
OI-0001038,ORD-000260,PRD-0035,4,49.16,196.64,False
OI-0000186,ORD-000196,PRD-0024,7,130.89,916.23,False
OI-0000042,ORD-000276,PRD-0053,5,290.66,1453.3,False
OI-0000693,ORD-000404,PRD-0008,7,57.98,405.86,False
OI-0000109,ORD-000341,PRD-0060,1,368.92,368.92,False
OI-0001129,ORD-000190,PRD-0012,6,108.15,648.9,False
OI-0000569,ORD-000197,PRD-0050,8,10.99,87.92,False
OI-0001193,ORD-000152,PRD-0054,2,201.98,409.45,False
OI-0001070,ORD-000340,PRD-0052,6,130.75,784.5,False
OI-0001217,ORD-000467,PRD-0033,3,120.67,401.28,False
OI-0000484,ORD-000169,PRD-0013,8,228.07,1824.56,False
OI-0000469,ORD-000377,PRD-0045,6,347.66,2116.09,False
OI-0000025,ORD-000416,PRD-0040,4,101.99,407.96,False
OI-0000731,ORD-000374,PRD-0037,3,10.24,30.72,False
OI-0000779,ORD-000356,PRD-0056,5,87.59,437.95,False
OI-0000839,ORD-000407,PRD-0047,3,-31.78,-95.34,False
OI-0001068,ORD-000367,PRD-0030,2,20.49,40.98,False
OI-0000367,ORD-000095,PRD-0059,8,241.74,1933.92,False
OI-0000941,ORD-000163,PRD-0026,2,473.43,946.86,False
OI-0001111,ORD-000320,PRD-0057,3,464.07,1392.21,False
OI-0000384,ORD-000266,prod_0006,8,19.43,163.71,False
OI-0000718,ORD-000335,PRD-0012,4,108.15,432.6,False
OI-0000455,ORD-000115,PRD-0003,4,48.91,195.64,False
OI-0000265,ORD-000275,PRD-0053,7,290.66,2034.62,False
OI-0000847,ORD-000096,PRD-0025,1,165.58,165.58,False
OI-0000233,ORD-000438,PRD-0058,1,331.5,331.5,False
OI-0000445,ORD-000038,PRD-0023,4,122.0,488.0,False
OI-0000396,ORD-000395,PRD-0007,4,257.12,1028.48,False
OI-0000942,ORD-000163,PRD-0021,2,53.87,107.74,False
OI-0000177,ORD-000125,PRD-0046,3,62.18,186.54,False
OI-0000019,ORD-000496,PRD-0007,4,257.12,1028.48,False
OI-0001108,ORD-000307,PRD-0045,5,347.66,1738.3,False
OI-0000959,ORD-000327,PRD-0020,5,262.39,1311.95,False
OI-0000912,ORD-000216,PRD-0025,2,165.58,331.16,False
OI-0000815,ORD-000086,PRD-0010,2,146.75,293.5,False
OI-0000596,ORD-000269,PRD-0012,4,108.15,432.6,False
OI-0000062,ORD-000452,PRD-0047,2,-31.78,-63.56,False
OI-0000273,ORD-000454,PRD-0055,4,63.6,254.4,False
OI-0001188,ORD-000131,PRD-0023,8,122.0,976.0,False
OI-0000279,ORD-000057,PRD-0046,5,62.18,310.9,False
OI-0000967,ORD-000015,PRD-0041,7,380.19,2661.33,False
OI-0000695,ORD-000383,PRD-0038,4,336.62,1346.48,False
OI-0000369,order000497,PRD-9030,0,101.99,305.97,False
OI-0001199,ORD-000373,PRD-0019,1,85.46,85.46,False
OI-0000736,ORD-000113,PRD-9003,8,49.16,393.28,False
OI-0000917,ORD-000033,PRD-0021,5,53.87,269.35,False
OI-0000965,ORD-000301,PRD-0056,1,87.59,87.59,False
OI-0000924,ORD-000456,PRD-0035,3,49.16,147.48,False
OI-0000312,ORD-000366,PRD-0050,6,10.99,65.94,False
OI-0000548,ORD-000305,PRD-0009,4,128.37,513.48,False
OI-0000989,ORD-000482,prod_0027,5,494.97,2474.85,False
OI-0000689,ORD-000358,PRD-0031,5,130.03,650.15,False
OI-0000739,ORD-000180,PRD-0053,4,290.66,1162.64,False
OI-0001010,ORD-000499,PRD-0031,7,130.03,910.21,False
OI-0000457,ORD-000115,PRD-0011,1,175.82,175.82,False
OI-0000394,ORD-000395,PRD-0045,3,347.66,1042.98,False
OI-0000676,ORD-000184,PRD-0009,1,128.37,128.37,False
OI-0001023,ORD-000162,PRD-0015,5,152.55,762.75,False
OI-0000729,ORD-000295,PRD-0007,7,257.12,1799.84,False
OI-0000420,ORD-000325,PRD-0018,3,481.81,1445.43,False
OI-0000376,ORD-000024,PRD-0010,1,146.75,146.75,False
OI-0000413,ORD-000061,PRD-0033,6,120.67,724.02,False
OI-0000075,ORD-000132,PRD-0034,4,76.39,305.56,False
OI-0001184,ORD-000150,PRD-0039,1,204.28,204.28,False
OI-0000969,ORD-000157,PRD-0043,3,110.55,331.65,False
OI-0000501,ORD-000488,PRD-0059,5,241.74,1208.7,False
OI-0001062,ORD-000035,PRD-0026,8,473.43,3787.44,False
OI-0000617,ORD-000185,PRD-0024,5,,654.45,False
OI-0000115,ORD-000210,PRD-0026,8,473.43,3787.44,False
OI-0000418,ORD-000111,PRD-0034,7,76.39,534.73,False
OI-0000602,ORD-000352,PRD-0049,1,199.67,227.41,False
OI-0000605,order000393,PRD-0032,5,294.41,1472.05,False
OI-0000090,ORD-000370,PRD-0035,2,49.16,98.32,False
OI-0000923,ORD-000456,PRD-0011,6,175.82,1054.92,False
OI-0001211,ORD-000331,PRD-0033,1,120.67,130.22,False
OI-0000754,ORD-000457,prod_0006,6,19.43,116.58,False
OI-0000499,ORD-000256,PRD-0047,1,-31.78,-31.78,False
OI-0000985,ORD-000217,PRD-0016,2,180.7,361.4,False
OI-0000992,ORD-000440,PRD-0041,3,380.19,1140.57,False
OI-0000990,ORD-000482,PRD-0019,5,85.46,427.3,False
OI-0000012,ORD-000369,PRD-0046,8,62.18,497.44,False
OI-0000397,ORD-000017,PRD-0008,7,57.98,405.86,False
OI-0001225,ORD-000189,PRD-0014,4,85.64,342.56,False
OI-0000556,ORD-000408,PRD-0040,7,101.99,713.93,False
OI-0000043,ORD-000276,PRD-0021,966,53.87,323.22,True
OI-0000168,ORD-000336,PRD-0004,8,37.34,324.81,False
OI-0000417,ORD-000111,PRD-0057,1,464.07,464.07,False
OI-0000577,ORD-000254,PRD-0059,778,241.74,1208.7,False
OI-0000268,ORD-000394,PRD-0012,1068,108.15,865.2,False
OI-0000904,ORD-000099,PRD-0014,3,85.64,256.92,False
OI-0000427,ORD-000030,PRD-0045,7,347.66,2433.62,False
OI-0000691,ORD-000306,PRD-0017,5,43.0,215.0,False
OI-0000545,ORD-000287,PRD-0045,4,347.66,1390.64,False
OI-0000877,ORD-000421,PRD-0060,8,368.92,2951.36,False
OI-0000675,ORD-000123,PRD-0012,1090,108.15,540.75,False
OI-0000690,ORD-000358,PRD-0060,1,368.92,368.92,False
OI-0001113,ORD-000244,PRD-9019,8,19.43,155.44,False
OI-0000233,ORD-000438,PRD-0058,1,331.5,331.5,False
OI-0000160,ORD-000248,PRD-0032,8,294.41,2355.28,False
OI-0000993,ORD-000338,PRD-0043,1,110.55,110.55,False
OI-0000258,ORD-000076,PRD-0048,6,308.22,1895.06,False
OI-0000949,ORD-000063,PRD-0048,8,308.22,2465.76,False
OI-0000336,ORD-000212,PRD-0042,1,,88.76,False
OI-0000970,ORD-000157,PRD-0013,6,228.07,1368.42,False
OI-0000016,ORD-000323,PRD-0036,2,0.0,0.0,False
OI-0001012,ORD-000304,PRD-0044,1,325.75,325.75,False
OI-0000325,ORD-000333,PRD-0005,5,283.26,1416.3,False
OI-0000769,ORD-000137,PRD-0026,4,473.43,1893.72,False
OI-0000608,ORD-000151,PRD-0033,3,120.67,362.01,False
OI-0001112,ORD-000320,PRD-0051,3,20.39,61.17,False
OI-0000882,ORD-000257,prod_0027,6,494.97,2969.82,False
OI-0001042,ORD-000106,PRD-0002,528,317.64,167738.22,False
OI-0000223,ORD-000181,prod_0006,7,19.43,136.01,False
OI-0000180,ORD-000249,prod_0006,4,19.43,77.72,False
OI-0000862,ORD-000445,PRD-0043,5,110.55,552.75,False
OI-0000100,ORD-000226,PRD-0052,2,130.75,261.5,False
OI-0000758,ORD-000318,PRD-0004,1,37.34,37.34,False
OI-0000522,ORD-000084,PRD-0033,4,120.67,482.68,False
OI-0000762,ORD-000165,PRD-0049,2,199.67,399.34,False
OI-0000023,ORD-000348,PRD-0014,6,85.64,513.84,False
OI-0000357,ORD-000403,PRD-0048,1,308.22,308.22,False
OI-0000734,ORD-000347,PRD-0057,3,464.07,1414.14,False
OI-0001049,ORD-000451,PRD-0044,1,325.75,325.75,False
OI-0001171,ORD-000192,PRD-0060,3,368.92,1106.76,False
OI-0000612,ORD-000178,PRD-0021,5,53.87,269.35,False
OI-0001075,ORD-000053,PRD-0049,6,199.67,1198.02,False
OI-0000341,ORD-000423,PRD-0043,3,110.55,331.65,False
OI-0000432,ORD-000465,PRD-0050,4,10.99,43.96,False
OI-0000873,ORD-000255,PRD-0037,2,10.24,20.48,False
OI-0000218,ORD-000494,prod_0006,8,19.43,155.44,False
OI-0000204,ORD-000245,PRD-0023,2,122.0,244.0,False
OI-0001016,ORD-000351,PRD-0042,8,88.76,710.08,False
OI-0001030,ORD-000402,PRD-0041,5,380.19,1900.95,False
OI-0000094,ORD-000219,PRD-0043,3,110.55,373.63,False
OI-0000998,ORD-000208,PRD-0059,3,241.74,735.22,False
OI-0000069,ORD-000031,PRD-0056,2,87.59,175.18,False
OI-0001005,ORD-000500,PRD-0014,6,85.64,513.84,False
OI-0000285,ORD-000081,PRD-0005,5,283.26,1416.3,False
OI-0000697,ORD-000126,PRD-0024,4,130.89,523.56,False
OI-0000086,ORD-000330,PRD-0041,7,380.19,2661.33,False
OI-0000435,ORD-000027,PRD-0025,5,165.58,827.9,False
OI-0000888,ORD-000458,PRD-0026,1,473.43,473.43,False
OI-0000154,ORD-000230,PRD-0003,1,48.91,48.91,False
OI-0000076,ORD-000132,PRD-0048,1,308.22,308.22,False
OI-0001099,ORD-000329,prod_0027,6,494.97,2969.82,False
OI-0000790,ORD-000128,PRD-0025,6,165.58,993.48,False
OI-0000581,ORD-000291,PRD-0012,2,108.15,216.3,False
OI-0000447,ORD-000038,PRD-0019,8,85.46,683.68,False
OI-0000704,ORD-000220,PRD-0046,5,62.18,310.9,False
OI-0000189,ORD-000105,PRD-0042,6,88.76,532.56,False
OI-0000272,ORD-000454,PRD-0055,4,63.6,254.4,False
OI-0000237,ORD-000311,PRD-0028,1949,323.11,2261.77,False
OI-0000488,ORD-000384,PRD-0022,5,25.94,129.7,False
OI-0001222,ORD-000021,PRD-0001,5,208.93,1044.65,False
OI-0000560,ORD-000235,PRD-0048,2,308.22,616.44,False
OI-0000118,ORD-000472,PRD-0024,5,130.89,654.45,False
OI-0000638,ORD-000263,PRD-0021,5,53.87,269.35,False
OI-0001136,ORD-000464,PRD-0008,8,57.98,463.84,False
OI-0000802,ORD-000134,PRD-0036,4,0.0,0.0,False
OI-0000751,ORD-000405,PRD-0047,8,-31.78,-254.24,False
OI-0000513,ORD-000229,PRD-0031,1,130.03,130.03,False
OI-0000634,ORD-000039,PRD-0025,8,165.58,1324.64,False
OI-0000876,ORD-000421,PRD-0017,6,43.0,258.0,False
OI-0001160,ORD-000460,PRD-0015,5,152.55,762.75,False
OI-0001214,ORD-000215,PRD-9033,5,122.0,610.0,False
OI-0000127,ORD-000453,PRD-0046,1,62.18,62.18,False
OI-0000791,ORD-000286,PRD-0002,7,317.64,2223.48,False
OI-0000830,ORD-000013,PRD-0047,1,-31.78,-31.78,False
OI-0000117,ORD-000472,prod_0006,1,19.43,28.25,False
OI-0000474,ORD-000322,PRD-0009,5,128.37,641.85,False
OI-0000741,ORD-000478,PRD-0024,8,130.89,1047.12,False
OI-0001067,ORD-000428,PRD-0012,5,108.15,540.75,False
OI-0000058,ORD-000409,PRD-0009,8,128.37,1026.96,False
OI-0000604,order000393,PRD-0058,5,331.5,1657.5,False
OI-0000787,order000411,PRD-0017,5,43.0,215.0,False
OI-0000831,ORD-000013,PRD-0034,8,76.39,611.12,False
OI-0000120,ORD-000182,PRD-0050,4,10.99,43.96,False
OI-0000657,ORD-000376,PRD-0029,7,30.92,216.44,False
OI-0001125,ORD-000175,PRD-0023,2,122.0,244.0,False
OI-0000670,ORD-000357,prod_0027,2,494.97,989.94,False
OI-0000106,ORD-000064,PRD-9011,1,152.55,152.55,False
OI-0000636,ORD-000321,prod_0027,7,494.97,3464.79,False
OI-0000370,ORD-000355,PRD-0059,7,241.74,1692.18,False
OI-0000269,ORD-000020,PRD-0023,5,122.0,610.0,False
OI-0000656,ORD-000376,PRD-0031,2,130.03,260.06,False
OI-0000820,ORD-000187,PRD-0033,8,120.67,965.36,False
OI-0000823,ORD-000392,PRD-0013,7,228.07,1596.49,False
OI-0000947,ORD-000139,PRD-0051,6,20.39,122.34,False
OI-0000047,ORD-000071,PRD-0008,3,57.98,173.94,False
OI-0000350,ORD-000025,PRD-0059,8,241.74,1941.45,False
OI-0001091,ORD-000089,PRD-0051,8,20.39,163.12,False
OI-0000877,ORD-000421,PRD-0060,8,368.92,2951.36,False
OI-0000774,ORD-000233,PRD-0050,6,10.99,65.94,False
OI-0000196,ORD-000447,PRD-0022,4,25.94,103.76,False
OI-0000103,ORD-000400,PRD-0032,3,294.41,883.23,False
OI-0000005,ORD-000476,PRD-0028,3,323.11,969.33,False
OI-0000620,ORD-000288,PRD-0052,7,130.75,915.25,False
OI-0000572,ORD-000140,PRD-0040,1,101.99,101.99,False
OI-0000053,ORD-000251,PRD-0043,3,110.55,376.6,False
OI-0000264,ORD-000275,PRD-0046,6,62.18,373.08,False
OI-0001152,ORD-000253,PRD-0031,8,130.03,1040.24,False
OI-0000444,ORD-000038,PRD-0035,2,49.16,98.32,False
OI-0001053,ORD-000050,PRD-0012,7,108.15,757.05,False
OI-0000783,ORD-000225,PRD-0014,5,85.64,428.2,False
OI-0000838,ORD-000407,PRD-0054,2,201.98,403.96,False
OI-0000950,ORD-000136,PRD-0038,6,336.62,2019.72,False
OI-0000692,ORD-000404,PRD-0024,4,130.89,523.56,False
OI-0000305,ORD-000490,PRD-0056,2,87.59,175.18,False
OI-0000342,ORD-000058,PRD-0054,2,201.98,403.96,False
OI-0000974,ORD-000380,PRD-0009,7,128.37,898.59,False
OI-0000314,ORD-000043,PRD-0001,4,208.93,835.72,False
OI-0000150,ORD-000085,PRD-0044,2,325.75,651.5,False
OI-0000125,ORD-000297,PRD-0007,4,257.12,1028.48,False
OI-0001121,ORD-000051,PRD-0028,8,323.11,2584.88,False
OI-0000575,ORD-000372,PRD-0023,7,122.0,854.0,False
OI-0000698,ORD-000126,PRD-0011,6,175.82,1054.92,False
OI-0000665,ORD-000240,PRD-0057,7,464.07,3248.49,False
OI-0000051,ORD-000100,PRD-0056,5,87.59,437.95,False
OI-0000966,ORD-000015,PRD-0028,7,323.11,2261.77,False
OI-0000727,ORD-000362,PRD-0053,1,290.66,290.66,False
OI-0000800,ORD-000134,PRD-0052,5,130.75,653.75,False
OI-0000834,ORD-000171,PRD-0019,5,85.46,427.3,False
OI-0000354,ORD-000186,PRD-0017,2,43.0,86.0,False
OI-0001215,ORD-000467,prod_0027,6,494.97,2969.82,False
OI-0000143,ORD-000168,prod_0006,6,19.43,116.58,False
OI-0000471,ORD-000205,PRD-0019,8,85.46,683.68,False
OI-0000883,ORD-000257,PRD-0036,4,0.0,0.0,False
OI-0000654,ORD-000124,PRD-0038,7,336.62,2356.34,False
OI-0000400,ORD-000473,PRD-0060,2,368.92,737.84,False
OI-0001008,ORD-000499,PRD-0031,4,130.03,520.12,False
OI-0001212,ORD-000331,PRD-0055,1,63.6,63.6,False
OI-0000321,ORD-000317,PRD-0058,4,331.5,1326.0,False
OI-0000020,ORD-000496,PRD-0020,1,262.39,262.39,False
OI-0000685,ORD-000312,PRD-0008,4,57.98,231.92,False
OI-0000036,ORD-000174,PRD-0005,2,283.26,566.52,False
OI-0000825,ORD-000392,prod_0027,4,494.97,2009.61,False
OI-0000903,ORD-000172,PRD-0057,8,464.07,3712.56,False
OI-0000506,ORD-000093,PRD-0055,3,63.6,190.8,False
OI-0000828,ORD-000013,PRD-0057,7,464.07,3248.49,False
OI-0001205,ORD-000459,PRD-0012,4,108.15,432.6,False
OI-0000408,ORD-000228,PRD-9006,3,85.46,256.38,False
OI-0000921,ORD-000201,PRD-0035,508,49.16,294.96,False
OI-0000818,order000243,PRD-0015,6,152.55,915.3,False
OI-0000867,ORD-000207,prod_0006,6,19.43,164.36,False
OI-0000538,ORD-000223,PRD-0025,2,165.58,331.16,False
OI-0000759,ORD-000318,PRD-0021,3,53.87,161.61,False
OI-0000119,ORD-000182,PRD-0030,8,20.49,163.92,False
OI-0001003,ORD-000296,PRD-0054,7,201.98,1413.86,False
OI-0000039,ORD-000094,PRD-0038,2,336.62,673.24,False
OI-0000176,ORD-000281,PRD-0052,6,130.75,784.5,False
OI-0000246,ORD-000272,PRD-0057,7,464.07,3248.49,False
OI-0000811,ORD-000066,PRD-0021,2,53.87,107.74,False
OI-0001144,ORD-000049,PRD-0031,5,130.03,650.15,False
OI-0001076,ORD-000053,PRD-0036,4,0.0,0.0,False
OI-0001050,ORD-000451,PRD-0041,2,380.19,760.38,False
OI-0000785,order000411,PRD-0045,1,347.66,347.66,False
OI-0001000,ORD-000213,PRD-0051,8,20.39,163.12,False
OI-0000490,ORD-000384,PRD-0052,7,130.75,915.25,False
OI-0000155,ORD-000023,PRD-0060,7,368.92,2582.44,False
OI-0000639,ORD-000263,PRD-0039,5,204.28,1021.4,False
OI-0000962,ORD-000474,PRD-0055,5,63.6,356.95,False
OI-0000663,ORD-000240,PRD-0039,1992,204.28,204.28,False
OI-0000854,ORD-000399,PRD-0040,1,101.99,101.99,False
OI-0000943,ORD-000434,PRD-0035,7,49.16,344.12,False
OI-0000288,ORD-000239,PRD-0013,4,228.07,912.28,False
OI-0000626,ORD-000389,PRD-0004,5,37.34,186.7,False
OI-0001189,ORD-000131,PRD-0056,4,87.59,350.36,False
OI-0000686,ORD-000312,PRD-0025,8,165.58,1324.64,False
OI-0001073,ORD-000484,PRD-0049,3,199.67,599.01,False
OI-0000980,ORD-000470,PRD-0046,7,62.18,480.56,False
OI-0000570,ORD-000197,PRD-0029,5,30.92,154.6,False
OI-0001206,ORD-000459,PRD-0002,5,317.64,1588.2,False
OI-0000735,ORD-000347,PRD-0036,6,0.0,0.0,False
OI-0000793,ORD-000433,PRD-0058,2,331.5,663.0,False
OI-0000018,ORD-000077,PRD-0049,4,199.67,798.68,False
OI-0000128,ORD-000453,PRD-0059,7,241.74,1712.97,False
OI-0000323,ORD-000127,PRD-0045,5,347.66,1738.3,False
OI-0000256,ORD-000076,PRD-0047,2,-31.78,-63.56,False
OI-0001040,ORD-000106,PRD-0007,2,257.12,514.24,False
OI-0000928,ORD-000231,PRD-0040,6,101.99,611.94,False
OI-0000981,ORD-000412,PRD-0003,8,48.91,391.28,False
OI-0001060,ORD-000035,PRD-0002,1,317.64,317.64,False
OI-0000191,ORD-000282,PRD-0025,5,165.58,827.9,False
OI-0000116,ORD-000472,PRD-0050,6,10.99,65.94,False
OI-0001236,ORD-000436,PRD-0013,1,228.07,228.07,False
OI-0000999,ORD-000208,PRD-0043,3,110.55,331.65,False
OI-0000607,ORD-000159,PRD-0034,8,76.39,611.12,False
OI-0000181,ORD-000040,PRD-0034,6,76.39,458.34,False
OI-0000302,ORD-000432,prod_0027,6,494.97,2969.82,False
OI-0000497,ORD-000256,PRD-0055,4,63.6,254.4,False
OI-0000349,ORD-000025,PRD-0001,2,208.93,417.86,False
OI-0001092,ORD-000089,PRD-0032,1,294.41,294.41,False
OI-0000037,ORD-000174,PRD-0026,5,473.43,2367.15,False
OI-0000745,ORD-000353,PRD-0014,1,85.64,85.64,False
OI-0001141,ORD-000059,PRD-0021,5,53.87,269.35,False
OI-0001047,ORD-000002,PRD-0001,8,208.93,1671.44,False
OI-0000518,ORD-000417,PRD-0034,4,76.39,305.56,False
OI-0000373,ORD-000355,PRD-0043,2,110.55,221.1,False
OI-0000046,ORD-000343,PRD-0007,8,257.12,2056.96,False
OI-0000477,ORD-000455,PRD-0003,7,48.91,342.37,False
OI-0000158,ORD-000324,PRD-0018,3,481.81,1445.43,False
OI-0001104,ORD-000135,PRD-0010,8,146.75,1174.0,False
OI-0000172,ORD-000019,PRD-0049,-4,199.67,798.68,False
OI-0000017,ORD-000323,PRD-0018,6,481.81,2890.86,False
OI-0000512,ORD-000153,PRD-0034,6,76.39,458.34,False
OI-0000049,ORD-000100,PRD-9000,3,228.07,684.21,False
OI-0000192,ORD-000149,PRD-0012,7,108.15,757.05,False
OI-0000547,ORD-000287,PRD-0023,2,122.0,244.0,False
OI-0000516,ORD-000229,PRD-0054,3,201.98,605.94,False
OI-0000659,ORD-000097,PRD-0034,3,76.39,229.17,False
OI-0001037,ORD-000310,PRD-0012,2,108.15,216.3,False
OI-0000829,ORD-000013,PRD-0050,0,10.99,76.93,False
OI-0000618,ORD-000288,PRD-0012,4,108.15,432.6,False
OI-0000481,ORD-000068,PRD-0008,1,57.98,57.98,False
OI-0000960,ORD-000474,PRD-0046,6,62.18,373.08,False
OI-0001191,ORD-000152,PRD-0019,7,85.46,598.22,False
OI-0000284,ORD-000081,PRD-0020,8,262.39,2099.12,False
OI-0001086,ORD-000014,PRD-0023,4,122.0,488.0,False
OI-0000798,ORD-000332,PRD-0002,6,317.64,1905.84,False
OI-0001005,ORD-000500,PRD-0014,6,85.64,513.84,False
OI-0000226,ORD-000375,PRD-0029,4,30.92,123.68,False
OI-0000027,ORD-000221,PRD-0035,3,49.16,147.48,False
OI-0000438,ORD-000008,PRD-0003,6,48.91,293.46,False
OI-0001230,ORD-000072,PRD-0009,6,128.37,770.22,False
OI-0000230,ORD-000342,PRD-0036,7,0.0,0.0,False
OI-0000038,ORD-000094,PRD-0030,6,20.49,122.94,False
OI-0000750,ORD-000492,prod_0006,4,19.43,77.72,False
OI-0000470,ORD-000430,PRD-0019,5,85.46,427.3,False
OI-0001081,ORD-000242,PRD-9007,3,347.66,1042.98,False
OI-0000103,ORD-000400,PRD-0032,3,294.41,883.23,False
OI-0000688,ORD-000415,PRD-0030,2,20.49,40.98,False
OI-0000640,ORD-000263,PRD-0057,6,464.07,2784.42,False
OI-0001095,ORD-000274,PRD-0003,1,48.91,79.71,False
OI-0001161,ORD-000460,PRD-0050,3,10.99,32.97,False
OI-0001147,ORD-000345,prod_0006,3,19.43,58.29,False
OI-0000801,ORD-000134,PRD-0057,1,464.07,464.07,False
OI-0000161,ORD-000248,PRD-0004,7,37.34,261.38,False
OI-0000957,ORD-000009,PRD-0025,8,165.58,1324.64,False
OI-0000822,ORD-000392,PRD-0032,3,294.41,883.23,False
OI-0001074,ORD-000484,PRD-0022,5,25.94,129.7,False
OI-0000878,ORD-000005,PRD-0032,4,294.41,1177.64,False
OI-0000914,ORD-000048,PRD-0030,2,20.49,40.98,False
OI-0000153,ORD-000012,PRD-0052,6,130.75,784.5,False
OI-0001156,ORD-000314,PRD-0038,6,336.62,2019.72,False
OI-0000510,ORD-000153,PRD-0015,6,152.55,915.3,False
OI-0001061,ORD-000035,PRD-0022,1,25.94,25.94,False
OI-0000104,ORD-000064,PRD-0011,2,175.82,351.64,False
OI-0000587,ORD-000112,PRD-0058,1,331.5,331.5,False
OI-0001119,ORD-000364,prod_0027,1,494.97,494.97,False
OI-0000054,ORD-000251,PRD-0004,5,37.34,186.7,False
OI-0000152,ORD-000012,PRD-0005,8,283.26,2266.08,False
OI-0000404,ORD-000004,PRD-0045,3,347.66,1042.98,False
OI-0000208,ORD-000299,PRD-0007,3,257.12,771.36,False
OI-0001197,ORD-000373,PRD-0012,3,108.15,324.45,False
OI-0000009,ORD-000369,PRD-0009,7,128.37,898.59,False
OI-0001015,ORD-000304,PRD-0022,2,25.94,51.88,False
OI-0000453,ORD-000119,PRD-0002,6,317.64,1905.84,False
OI-0000254,ORD-000087,PRD-0056,5,87.59,437.95,False
OI-0000897,ORD-000437,PRD-0005,5,283.26,1416.3,False
OI-0001106,ORD-000135,PRD-0030,6,20.49,122.94,False
OI-0000881,ORD-000005,PRD-0041,4,380.19,1520.76,False
OI-0001195,ORD-000360,PRD-0005,7,283.26,1982.82,False
OI-0000624,ORD-000389,PRD-9026,1409,262.39,262.39,False
OI-0000346,ORD-000267,PRD-0046,3,62.18,186.54,False
OI-0001176,ORD-000294,PRD-0022,8,25.94,207.52,False
OI-0000263,ORD-000204,PRD-0016,1,180.7,180.7,False
OI-0000151,ORD-000012,PRD-0059,1,241.74,241.74,False
OI-0000473,ORD-000322,PRD-0031,4,130.03,520.12,False
OI-0000641,ORD-000147,prod_0027,1,494.97,494.97,False
OI-0001077,ORD-000346,PRD-0009,7,128.37,898.59,False
OI-0001192,ORD-000152,PRD-0047,1334,-31.78,-95.34,False
OI-0000551,ORD-000305,PRD-0017,1,43.0,43.0,False
OI-0000929,ORD-000231,PRD-0053,2,290.66,581.32,False
OI-0000489,ORD-000384,PRD-0045,6,347.66,2113.13,False
OI-0001140,ORD-000059,PRD-0049,4,199.67,798.68,False
OI-0000147,ORD-000069,PRD-0007,3,257.12,771.36,False
OI-0000403,ORD-000462,PRD-0036,8,0.0,0.0,False
OI-0000955,ORD-000487,PRD-0057,1,464.07,464.07,False
OI-0001187,ORD-000131,PRD-0025,5,165.58,827.9,False
OI-0000660,ORD-000144,PRD-0019,1,85.46,85.46,False
OI-0000464,ORD-000319,PRD-0037,5,10.24,51.2,False
OI-0000187,ORD-000359,PRD-0022,3,25.94,77.82,False
OI-0000609,ORD-000178,PRD-0008,8,57.98,463.84,False
OI-0000144,ORD-000168,PRD-0026,5,473.43,2367.15,False
OI-0000752,ORD-000234,PRD-0032,2,294.41,588.82,False
OI-0000982,ORD-000412,PRD-0046,8,62.18,497.44,False
OI-0000198,ORD-000183,PRD-0053,6,290.66,1743.96,False
OI-0000884,ORD-000257,PRD-0001,5,208.93,1044.65,False
OI-0000280,ORD-000334,PRD-0058,6,331.5,1989.0,False
OI-0000294,ORD-000308,PRD-0022,4,25.94,103.76,False
OI-0001148,ORD-000236,PRD-0005,5,283.26,1416.3,False
OI-0000401,ORD-000473,PRD-0050,8,10.99,87.92,False
OI-0000123,ORD-000297,PRD-0001,7,,1462.51,False
OI-0000203,ORD-000245,PRD-0057,7,464.07,3248.49,False
OI-0000836,ORD-000143,PRD-0028,1,323.11,323.11,False
OI-0000247,ORD-000272,PRD-0042,8,88.76,710.08,False
OI-0001202,ORD-000088,PRD-0002,3,317.64,952.92,False
OI-0001190,ORD-000152,PRD-0048,1138,308.22,2465.76,False
OI-0000385,ORD-000266,PRD-0021,8,53.87,430.96,False
OI-0000855,ORD-000387,PRD-0032,0,294.41,294.41,False
OI-0000220,ORD-000494,PRD-0011,2,175.82,351.64,False
OI-0000642,ORD-000147,PRD-0009,5,128.37,641.85,False
OI-0000002,ORD-000450,PRD-0020,6,262.39,1574.34,False
OI-0000113,ORD-000285,PRD-0033,1,120.67,120.67,False
OI-0000699,ORD-000489,PRD-0004,3,,112.02,False
OI-0001209,ORD-000331,PRD-0056,8,87.59,700.72,False
OI-0000952,ORD-000487,PRD-0005,7,283.26,1982.82,False
OI-0001138,ORD-000170,PRD-0009,4,128.37,513.48,False
OI-0000442,ORD-000109,PRD-0034,3,76.39,229.17,False
OI-0000664,ORD-000240,PRD-0036,7,0.0,0.0,False
OI-0001228,ORD-000072,PRD-0053,1,290.66,290.66,False
OI-0000318,ORD-000419,PRD-0026,8,473.43,3787.44,False
OI-0000649,ORD-000292,PRD-9004,3,30.92,92.76,False
OI-0000710,ORD-000429,PRD-0001,7,208.93,1462.51,False
OI-0000973,ORD-000041,PRD-0010,8,146.75,1174.0,False
OI-0000628,ORD-000104,PRD-0048,1219,308.22,1849.32,False
OI-0000633,ORD-000082,PRD-0044,8,325.75,2606.0,False
OI-0001234,ORD-000271,prod_0006,2,19.43,38.86,False
OI-0001166,ORD-000277,PRD-0037,5,10.24,51.2,False
OI-0000796,ORD-000378,PRD-0016,5,180.7,903.5,False
OI-0000646,ORD-000148,PRD-0002,2,317.64,635.28,False
OI-0001013,ORD-000304,PRD-0007,6,257.12,1542.72,False
OI-0000557,ORD-000408,PRD-0049,8,199.67,1597.36,False
OI-0000682,ORD-000247,PRD-0018,2,481.81,963.62,False
OI-0000578,ORD-000290,PRD-0023,5,122.0,610.0,False
OI-0001110,ORD-000491,prod_0027,6,494.97,2969.82,False
OI-0000525,ORD-000166,PRD-0031,8,130.03,1040.24,False
OI-0001060,ORD-000035,PRD-0002,1,317.64,317.64,False
OI-0000541,ORD-000480,PRD-0031,1,130.03,130.03,False
OI-0000749,ORD-000492,PRD-0015,5,152.55,762.75,False
OI-0001169,ORD-000444,PRD-0010,3,146.75,440.25,False
OI-0000485,ORD-000127,PRD-0023,4,122.0,488.0,False
OI-0000096,ORD-000219,PRD-0045,8,347.66,2781.28,False
OI-0001021,ORD-000270,PRD-0054,7,201.98,1413.86,False
OI-0000564,ORD-000391,PRD-0053,7,290.66,2034.62,False
OI-0000743,ORD-000478,PRD-0019,3,85.46,256.38,False
OI-0000864,ORD-000396,prod_0027,3,,1484.91,False
OI-0000892,ORD-000045,PRD-0058,6,331.5,1989.0,False
OI-0001039,ORD-000260,PRD-0040,8,101.99,857.5,False
OI-0000207,ORD-000299,PRD-0019,5,85.46,427.3,False
OI-0000393,ORD-000046,PRD-0001,5,208.93,1044.65,False
OI-0000795,ORD-000108,PRD-0036,1,0.0,0.0,False
OI-0000871,ORD-000283,PRD-0022,4,25.94,103.76,False
OI-0000398,ORD-000017,PRD-0014,4,85.64,342.56,False
OI-0000767,ORD-000137,PRD-0050,3,10.99,32.97,False
OI-0001159,ORD-000314,PRD-0058,3,331.5,994.5,False
OI-0001029,ORD-000402,PRD-0019,2,85.46,170.92,False
OI-0000643,ORD-000147,PRD-0048,2,308.22,616.44,False
OI-0000613,ORD-000422,PRD-0036,5,,0.0,False
OI-0000961,ORD-000474,prod_0006,7,19.43,136.01,False
OI-0000726,ORD-000362,PRD-0053,1,290.66,290.66,False
OI-0000684,ORD-000312,PRD-0053,1,290.66,290.66,False
OI-0000099,ORD-000155,PRD-0047,1,-31.78,-31.78,False
OI-0000805,ORD-000045,PRD-0016,7,180.7,1264.9,False
OI-0000407,ORD-000228,PRD-0018,6,481.81,2890.86,False
OI-0000503,ORD-000146,PRD-0024,5,130.89,654.45,False
OI-0001072,ORD-000484,PRD-0021,4,53.87,215.48,False
OI-0001057,ORD-000206,PRD-0003,4,48.91,195.64,False
OI-0000930,ORD-000231,PRD-0060,8,368.92,2951.36,False
OI-0000780,ORD-000356,PRD-0001,2,,417.86,False
OI-0000201,ORD-000070,PRD-0051,1,20.39,20.39,False
OI-0000135,ORD-000034,PRD-0029,2,30.92,61.84,False
OI-0001052,ORD-000493,PRD-0054,5,201.98,1009.9,False
OI-0000041,ORD-000326,PRD-0051,4,20.39,81.56,False
OI-0001018,ORD-000351,PRD-0047,4,-31.78,-127.12,False
OI-0000231,ORD-000342,PRD-0053,8,290.66,2325.28,False
OI-0000379,order000232,PRD-0005,6,283.26,1699.56,False
OI-0000289,ORD-000239,PRD-9035,7,331.5,2320.5,False
OI-0000419,ORD-000325,PRD-0004,4,37.34,149.36,False
OI-0000392,ORD-000046,PRD-0008,4,57.98,231.92,False
OI-0000593,ORD-000090,PRD-0019,6,85.46,512.76,False
OI-0001163,ORD-000161,PRD-0046,3,62.18,186.54,False
OI-0001087,ORD-000316,PRD-0008,2,57.98,115.96,False
OI-0000648,ORD-000292,PRD-0020,5,262.39,1311.95,False
OI-0001153,ORD-000253,PRD-0048,702,308.22,1541.1,False
OI-0000521,ORD-000084,PRD-0029,2,30.92,61.84,False
OI-0000065,ORD-000173,PRD-0005,1,283.26,293.53,False
OI-0000015,ORD-000323,PRD-0011,8,175.82,1406.56,False
OI-0001181,order000258,PRD-0051,5,20.39,101.95,False
OI-0001065,ORD-000264,PRD-0031,1,130.03,130.03,False
OI-0000493,ORD-000246,PRD-0018,3,481.81,1445.43,False
OI-0000380,order000232,PRD-0016,1667,180.7,903.5,False
OI-0000188,ORD-000105,PRD-0047,8,-31.78,-254.24,False
OI-0000764,ORD-000165,PRD-0010,2,146.75,293.5,False
OI-0000217,ORD-000303,PRD-9015,1,146.75,146.75,False
OI-0000792,ORD-000433,PRD-0025,2,165.58,331.16,False
OI-0001077,ORD-000346,PRD-0009,7,128.37,898.59,False
OI-0000879,ORD-000005,PRD-0046,4,62.18,248.72,False
OI-0000338,ORD-000423,PRD-0008,8,57.98,463.84,False
OI-0000720,ORD-000410,PRD-0043,5,110.55,570.94,False
OI-0000296,ORD-000308,PRD-0059,6,241.74,1450.44,False
OI-0001017,ORD-000351,PRD-0050,4,10.99,43.96,False
OI-0000456,ORD-000115,PRD-0021,2,,107.74,False
OI-0000816,ORD-000086,PRD-0009,5,128.37,641.85,False
OI-0000270,ORD-000020,PRD-0048,2,308.22,616.44,False
OI-0000996,ORD-000237,PRD-0009,5,128.37,641.85,False
OI-0000202,ORD-000070,PRD-0004,7,37.34,261.38,False
OI-0000162,ORD-000248,PRD-0009,4,128.37,513.48,False
OI-0000730,ORD-000374,PRD-0013,4,228.07,912.28,False
OI-0000402,ORD-000462,PRD-0032,1,294.41,294.41,False
OI-0000703,ORD-000427,PRD-0047,1,-31.78,-31.78,False
OI-0001130,ORD-000190,PRD-0041,1,380.19,380.19,False
OI-0000566,ORD-000037,PRD-0039,7,204.28,1429.96,False
OI-0001022,ORD-000202,PRD-0034,8,76.39,611.12,False
OI-0001026,ORD-000044,PRD-0046,2,62.18,124.36,False
OI-0001105,ORD-000135,PRD-0012,3,108.15,324.45,False
OI-0000206,ORD-000299,PRD-0011,1,175.82,175.82,False
OI-0000035,ORD-000174,PRD-0041,8,380.19,3041.52,False
OI-0000776,ORD-000116,PRD-0029,4,30.92,123.68,False
OI-0000509,ORD-000153,PRD-0023,8,122.0,976.0,False
OI-0000198,ORD-000183,PRD-0053,6,290.66,1743.96,False
OI-0000092,ORD-000102,PRD-0004,7,,261.38,False
OI-0000898,ORD-000437,PRD-0054,7,201.98,1413.86,False
OI-0000565,ORD-000279,PRD-0005,1707,283.26,1699.56,False
OI-0000777,ORD-000116,PRD-0013,3,228.07,684.21,False
OI-0000242,order000138,PRD-0051,7,,142.73,False
OI-0000014,ORD-000056,PRD-0019,4,85.46,361.21,False
OI-0000316,ORD-000141,PRD-0051,-3,20.39,40.78,False
OI-0000601,ORD-000368,PRD-0008,8,57.98,463.84,False
OI-0000388,ORD-000117,PRD-0042,6,88.76,532.56,False
OI-0000167,ORD-000475,PRD-0021,1,53.87,53.87,False
OI-0000841,ORD-000407,PRD-0026,8,473.43,3787.44,False
OI-0000021,ORD-000496,PRD-0029,2,30.92,61.84,False
OI-0000647,ORD-000313,PRD-0017,2,43.0,86.0,False
OI-0001155,ORD-000022,PRD-0054,995,201.98,1211.88,False
OI-0000832,ORD-000036,PRD-0057,7,464.07,3248.49,False
OI-0000563,ORD-000479,PRD-0011,1,175.82,175.82,False
OI-0001233,ORD-000271,PRD-0020,3,262.39,787.17,False
OI-0000687,ORD-000415,PRD-0048,4,308.22,1232.88,False
OI-0000958,ORD-000327,PRD-0014,6,85.64,513.84,False
OI-0000190,ORD-000282,PRD-0043,3,110.55,331.65,False
OI-0000976,ORD-000380,PRD-0040,7,101.99,713.93,False
OI-0000700,ORD-000224,PRD-0009,6,128.37,770.22,False
OI-0000511,ORD-000153,PRD-0015,4,152.55,610.2,False
OI-0001083,ORD-000014,PRD-0016,1,180.7,180.7,False
OI-0000475,ORD-000322,PRD-0041,6,380.19,2281.14,False
OI-0000857,ORD-000387,PRD-0014,8,85.64,685.12,False
OI-0000748,ORD-000337,PRD-0010,6,146.75,880.5,False
OI-0000253,ORD-000087,PRD-9020,2,481.81,963.62,False
OI-0000022,ORD-000496,PRD-0029,2,30.92,61.84,False
OI-0000460,order000176,PRD-0042,2,88.76,177.52,False
OI-0001185,ORD-000150,PRD-0059,7,241.74,1692.18,False
OI-0000277,ORD-000057,PRD-0039,4,204.28,817.12,False
OI-0000956,ORD-000009,PRD-0043,5,110.55,552.75,False
OI-0001216,ORD-000467,PRD-0004,2,37.34,74.68,False
OI-0000386,ORD-000209,PRD-0007,1,257.12,257.12,False
OI-0000806,ORD-000045,PRD-0020,6,262.39,1574.34,False
OI-0000344,ORD-000058,PRD-0032,4,294.41,1177.64,False
OI-0000770,ORD-000198,PRD-0016,7,180.7,1264.9,False
OI-0000131,ORD-000426,PRD-0005,1,283.26,283.26,False
OI-0000872,ORD-000283,PRD-0045,1,347.66,347.66,False
OI-0001124,ORD-000466,PRD-0045,4,347.66,1390.64,False
OI-0000088,ORD-000370,PRD-0018,2,481.81,963.62,False
OI-0000331,ORD-000114,PRD-0015,3,152.55,457.65,False
OI-0001239,ORD-000103,PRD-0049,2,199.67,399.34,False
OI-0000467,ORD-000145,PRD-0044,1,325.75,325.75,False
OI-0000122,ORD-000078,PRD-0015,1,152.55,152.55,False
OI-0001045,ORD-000390,PRD-0037,8,10.24,81.92,False
OI-0001096,ORD-000274,PRD-0060,3,368.92,1106.76,False
OI-0001131,ORD-000190,PRD-0056,7,87.59,613.13,False
OI-0000861,ORD-000042,PRD-9009,3,88.76,266.28,False
OI-0001127,ORD-000446,PRD-0046,1,62.18,62.18,False
